code,province_code,name_th,name_en,legacy_id
1001,10,พระนคร,Phra Nakhon,1
1002,10,ดุสิต,Dusit,2
1003,10,หนองจอก,Nong Chok,3
1004,10,บางรัก,Bang Rak,4
1005,10,บางเขน,Bang Khen,5
1006,10,บางกะปิ,Bang Kapi,6
1007,10,ปทุมวัน,Pathum Wan,7
1008,10,ป้อมปราบศัตรูพ่าย,Pom Prap Sattruphai,8
1009,10,พระโขนง,Phra Khanong,9
1010,10,มีนบุรี,Min Buri,10
1011,10,ลาดกระบัง,Lat Krabang,11
1012,10,ยานนาวา,Yannawa,12
1013,10,สัมพันธวงศ์,Samphanthawong,13
1014,10,พญาไท,Phaya Thai,14
1015,10,ธนบุรี,Thon Buri,15
1016,10,บางกอกใหญ่,Bangkok Yai,16
1017,10,ห้วยขวาง,Huai Khwang,17
1018,10,คลองสาน,Khlong San,18
1019,10,ตลิ่งชัน,Taling Chan,19
1020,10,บางกอกน้อย,Bangkok Noi,20
1021,10,บางขุนเทียน,Bang Khun Thian,21
1022,10,ภาษีเจริญ,Phasi Charoen,22
1023,10,หนองแขม,Nong Khaem,23
1024,10,ราษฎร์บูรณะ,Rat Burana,24
1025,10,บางพลัด,Bang Phlat,25
1026,10,ดินแดง,Din Daeng,26
1027,10,บึงกุ่ม,Bung Kum,27
1028,10,สาทร,Sathon,28
1029,10,บางซื่อ,Bang Su,29
1030,10,จตุจักร,Chatuchak,30
1031,10,บางคอแหลม,Bang Kho Laem,31
1032,10,ประเวศ,Prawet,32
1033,10,คลองเตย,Khlong Toei,33
1034,10,สวนหลวง,Suan Luang,34
1035,10,จอมทอง,Chom Thong,35
1036,10,ดอนเมือง,Don Mueang,36
1037,10,ราชเทวี,Rat Thewi,37
1038,10,ลาดพร้าว,Lat Phrao,38
1039,10,วัฒนา,Watthana,39
1040,10,บางแค,Bang Khae,40
1041,10,หลักสี่,Lak Si,41
1042,10,สายไหม,Sai Mai,42
1043,10,คันนายาว,Khanna Yao,43
1044,10,สะพานสูง,Saphan Sung,44
1045,10,วังทองหลาง,Wang Thong Lang,45
1046,10,คลองสามวา,Khlong Sam Wa,46
1047,10,บางนา,Bang Na,47
1048,10,ทวีวัฒนา,Thawi Watthana,48
1049,10,ทุ่งครุ,Thung Khu,49
1050,10,บางบอน,Bang Bon,50
1101,11,เมืองสมุทรปราการ,Mueang Samut Prakan,52
1102,11,บางบ่อ,Bang Bo,53
1103,11,บางพลี,Bang Phli,54
1104,11,พระประแดง,Phra Pradaeng,55
1105,11,พระสมุทรเจดีย์,Phra Samut Chedi,56
1106,11,บางเสาธง,Bang Sao Thong,57
1201,12,เมืองนนทบุรี,Mueang Nonthaburi,58
1202,12,บางกรวย,Bang Kruai,59
1203,12,บางใหญ่,Bang Yai,60
1204,12,บางบัวทอง,Bang Bua Thong,61
1205,12,ไทรน้อย,Sai Noi,62
1206,12,ปากเกร็ด,Pak Kret,63
1301,13,เมืองปทุมธานี,Mueang Pathum Thani,66
1302,13,คลองหลวง,Khlong Luang,67
1303,13,ธัญบุรี,Thanyaburi,68
1304,13,หนองเสือ,Nong Suea,69
1305,13,ลาดหลุมแก้ว,Lat Lum Kaeo,70
1306,13,ลำลูกกา,Lam Luk Ka,71
1307,13,สามโคก,Sam Khok,72
1401,14,พระนครศรีอยุธยา,Phra Nakhon Si Ayutthaya,74
1402,14,ท่าเรือ,Tha Ruea,75
1403,14,นครหลวง,Nakhon Luang,76
1404,14,บางไทร,Bang Sai,77
1405,14,บางบาล,Bang Ban,78
1406,14,บางปะอิน,Bang Pa-In,79
1407,14,บางปะหัน,Bang Pahan,80
1408,14,ผักไห่,Phak Hai,81
1409,14,ภาชี,Phachi,82
1410,14,ลาดบัวหลวง,Lat Bua Luang,83
1411,14,วังน้อย,Wang Noi,84
1412,14,เสนา,Sena,85
1413,14,บางซ้าย,Bang Sai,86
1414,14,อุทัย,Uthai,87
1415,14,มหาราช,Maha Rat,88
1416,14,บ้านแพรก,Ban Phraek,89
1501,15,เมืองอ่างทอง,Mueang Ang Thong,90
1502,15,ไชโย,Chaiyo,91
1503,15,ป่าโมก,Pa Mok,92
1504,15,โพธิ์ทอง,Pho Thong,93
1505,15,แสวงหา,Sawaeng Ha,94
1506,15,วิเศษชัยชาญ,Wiset Chai Chan,95
1507,15,สามโก้,Samko,96
1601,16,เมืองลพบุรี,Mueang Lop Buri,97
1602,16,พัฒนานิคม,Phatthana Nikhom,98
1603,16,โคกสำโรง,Khok Samrong,99
1604,16,ชัยบาดาล,Chai Badan,100
1605,16,ท่าวุ้ง,Tha Wung,101
1606,16,บ้านหมี่,Ban Mi,102
1607,16,ท่าหลวง,Tha Luang,103
1608,16,สระโบสถ์,Sa Bot,104
1609,16,โคกเจริญ,Khok Charoen,105
1610,16,ลำสนธิ,Lam Sonthi,106
1611,16,หนองม่วง,Nong Muang,107
1701,17,เมืองสิงห์บุรี,Mueang Sing Buri,109
1702,17,บางระจัน,Bang Rachan,110
1703,17,ค่ายบางระจัน,Khai Bang Rachan,111
1704,17,พรหมบุรี,Phrom Buri,112
1705,17,ท่าช้าง,Tha Chang,113
1706,17,อินทร์บุรี,In Buri,114
1801,18,เมืองชัยนาท,Mueang Chai Nat,115
1802,18,มโนรมย์,Manorom,116
1803,18,วัดสิงห์,Wat Sing,117
1804,18,สรรพยา,Sapphaya,118
1805,18,สรรคบุรี,Sankhaburi,119
1806,18,หันคา,Hankha,120
1807,18,หนองมะโมง,Nong Mamong,121
1808,18,เนินขาม,Noen Kham,122
1901,19,เมืองสระบุรี,Mueang Saraburi,123
1902,19,แก่งคอย,Kaeng Khoi,124
1903,19,หนองแค,Nong Khae,125
1904,19,วิหารแดง,Wihan Daeng,126
1905,19,หนองแซง,Nong Saeng,127
1906,19,บ้านหมอ,Ban Mo,128
1907,19,ดอนพุด,Don Phut,129
1908,19,หนองโดน,Nong Don,130
1909,19,พระพุทธบาท,Phra Phutthabat,131
1910,19,เสาไห้,Sao Hai,132
1911,19,มวกเหล็ก,Muak Lek,133
1912,19,วังม่วง,Wang Muang,134
1913,19,เฉลิมพระเกียรติ,Chaloem Phra Kiet,135
2001,20,เมืองชลบุรี,Mueang Chon Buri,136
2002,20,บ้านบึง,Ban Bueng,137
2003,20,หนองใหญ่,Nong Yai,138
2004,20,บางละมุง,Bang Lamung,139
2005,20,พานทอง,Phan Thong,140
2006,20,พนัสนิคม,Phanat Nikhom,141
2007,20,ศรีราชา,Si Racha,142
2008,20,เกาะสีชัง,Ko Sichang,143
2009,20,สัตหีบ,Sattahip,144
2010,20,บ่อทอง,Bo Thong,145
2011,20,เกาะจันทร์,Ko Chan,146
2101,21,เมืองระยอง,Mueang Rayong,151
2102,21,บ้านฉาง,Ban Chang,152
2103,21,แกลง,Klaeng,153
2104,21,วังจันทร์,Wang Chan,154
2105,21,บ้านค่าย,Ban Khai,155
2106,21,ปลวกแดง,Pluak Daeng,156
2107,21,เขาชะเมา,Khao Chamao,157
2108,21,นิคมพัฒนา,Nikhom Phatthana,158
2201,22,เมืองจันทบุรี,Mueang Chanthaburi,160
2202,22,ขลุง,Khlung,161
2203,22,ท่าใหม่,Tha Mai,162
2204,22,โป่งน้ำร้อน,Pong Nam Ron,163
2205,22,มะขาม,Makham,164
2206,22,แหลมสิงห์,Laem Sing,165
2207,22,สอยดาว,Soi Dao,166
2208,22,แก่งหางแมว,Kaeng Hang Maeo,167
2209,22,นายายอาม,Na Yai Am,168
2210,22,เขาคิชฌกูฏ,Khao Khitchakut,169
2301,23,เมืองตราด,Mueang Trat,171
2302,23,คลองใหญ่,Khlong Yai,172
2303,23,เขาสมิง,Khao Saming,173
2304,23,บ่อไร่,Bo Rai,174
2305,23,แหลมงอบ,Laem Ngop,175
2306,23,เกาะกูด,Ko Kut,176
2307,23,เกาะช้าง,Ko Chang,177
2401,24,เมืองฉะเชิงเทรา,Mueang Chachoengsao,178
2402,24,บางคล้า,Bang Khla,179
2403,24,บางน้ำเปรี้ยว,Bang Nam Priao,180
2404,24,บางปะกง,Bang Pakong,181
2405,24,บ้านโพธิ์,Ban Pho,182
2406,24,พนมสารคาม,Phanom Sarakham,183
2407,24,ราชสาส์น,Ratchasan,184
2408,24,สนามชัยเขต,Sanam Chai Khet,185
2409,24,แปลงยาว,Pleang Yao,186
2410,24,ท่าตะเกียบ,Tha Takiap,187
2411,24,คลองเขื่อน,Khlong Khuean,188
2501,25,เมืองปราจีนบุรี,Mueang Prachin Buri,189
2502,25,กบินทร์บุรี,Kabin Buri,190
2503,25,นาดี,Na Di,191
2506,25,บ้านสร้าง,Ban Sang,194
2507,25,ประจันตคาม,Prachantakham,195
2508,25,ศรีมหาโพธิ,Si Maha Phot,196
2509,25,ศรีมโหสถ,Si Mahosot,197
2601,26,เมืองนครนายก,Mueang Nakhon Nayok,202
2602,26,ปากพลี,Pak Phli,203
2603,26,บ้านนา,Ban Na,204
2604,26,องครักษ์,Ongkharak,205
2701,27,เมืองสระแก้ว,Mueang Sa Kaeo,206
2702,27,คลองหาด,Khlong Hat,207
2703,27,ตาพระยา,Ta Phraya,208
2704,27,วังน้ำเย็น,Wang Nam Yen,209
2705,27,วัฒนานคร,Watthana Nakhon,210
2706,27,อรัญประเทศ,Aranyaprathet,211
2707,27,เขาฉกรรจ์,Khao Chakan,212
2708,27,โคกสูง,Khok Sung,213
2709,27,วังสมบูรณ์,Wang Sombun,214
3001,30,เมืองนครราชสีมา,Mueang Nakhon Ratchasima,215
3002,30,ครบุรี,Khon Buri,216
3003,30,เสิงสาง,Soeng Sang,217
3004,30,คง,Khong,218
3005,30,บ้านเหลื่อม,Ban Lueam,219
3006,30,จักราช,Chakkarat,220
3007,30,โชคชัย,Chok Chai,221
3008,30,ด่านขุนทด,Dan Khun Thot,222
3009,30,โนนไทย,Non Thai,223
3010,30,โนนสูง,Non Sung,224
3011,30,ขามสะแกแสง,Kham Sakaesaeng,225
3012,30,บัวใหญ่,Bua Yai,226
3013,30,ประทาย,Prathai,227
3014,30,ปักธงชัย,Pak Thong Chai,228
3015,30,พิมาย,Phimai,229
3016,30,ห้วยแถลง,Huai Thalaeng,230
3017,30,ชุมพวง,Chum Phuang,231
3018,30,สูงเนิน,Sung Noen,232
3019,30,ขามทะเลสอ,Kham Thale So,233
3020,30,สีคิ้ว,Si Khio,234
3021,30,ปากช่อง,Pak Chong,235
3022,30,หนองบุญมาก,Nong Bunmak,236
3023,30,แก้งสนามนาง,Kaeng Sanam Nang,237
3024,30,โนนแดง,Non Daeng,238
3025,30,วังน้ำเขียว,Wang Nam Khiao,239
3026,30,เทพารักษ์,Thepharak,240
3027,30,เมืองยาง,Mueang Yang,241
3028,30,พระทองคำ,Phra Thong Kham,242
3029,30,ลำทะเมนชัย,Lamtaman Chai,243
3030,30,บัวลาย,Bua Lai,244
3031,30,สีดา,Sida,245
3032,30,เฉลิมพระเกียรติ,Chaloem Phra Kiet,246
3101,31,เมืองบุรีรัมย์,Mueang Buri Ram,250
3102,31,คูเมือง,Khu Mueang,251
3103,31,กระสัง,Krasang,252
3104,31,นางรอง,Nang Rong,253
3105,31,หนองกี่,Nong Ki,254
3106,31,ละหานทราย,Lahan Sai,255
3107,31,ประโคนชัย,Prakhon Chai,256
3108,31,บ้านกรวด,Ban Kruat,257
3109,31,พุทไธสง,Phutthaisong,258
3110,31,ลำปลายมาศ,Lam Plai Mat,259
3111,31,สตึก,Satuek,260
3112,31,ปะคำ,Pakham,261
3113,31,นาโพธิ์,Na Pho,262
3114,31,หนองหงส์,Nong Hong,263
3115,31,พลับพลาชัย,Phlapphla Chai,264
3116,31,ห้วยราช,Huai Rat,265
3117,31,โนนสุวรรณ,Non Din Daeng,266
3118,31,ชำนิ,Chamni,267
3119,31,บ้านใหม่ไชยพจน์,Ban Mai Chaiyaphot,268
3120,31,โนนดินแดง,Non Din Daeng,269
3121,31,บ้านด่าน,Ban Dan,270
3122,31,แคนดง,Khaen Dong,271
3123,31,เฉลิมพระเกียรติ,Chaloem Phra Kiet,272
3201,32,เมืองสุรินทร์,Mueang Surin,273
3202,32,ชุมพลบุรี,Chumphon Buri,274
3203,32,ท่าตูม,Tha Tum,275
3204,32,จอมพระ,Chom Phra,276
3205,32,ปราสาท,Prasat,277
3206,32,กาบเชิง,Kap Choeng,278
3207,32,รัตนบุรี,Rattanaburi,279
3208,32,สนม,Sanom,280
3209,32,ศีขรภูมิ,Sikhoraphum,281
3210,32,สังขะ,Sangkha,282
3211,32,ลำดวน,Lamduan,283
3212,32,สำโรงทาบ,Samrong Thap,284
3213,32,บัวเชด,Buachet,285
3214,32,พนมดงรัก,Phanom Dong Rak,286
3215,32,ศรีณรงค์,Si Narong,287
3216,32,เขวาสินรินทร์,Khwao Sinarin,288
3217,32,โนนนารายณ์,Non Narai,289
3301,33,เมืองศรีสะเกษ,Mueang Si Sa Ket,290
3302,33,ยางชุมน้อย,Yang Chum Noi,291
3303,33,กันทรารมย์,Kanthararom,292
3304,33,กันทรลักษ์,Kantharalak,293
3305,33,ขุขันธ์,Khukhan,294
3306,33,ไพรบึง,Phrai Bueng,295
3307,33,ปรางค์กู่,Prang Ku,296
3308,33,ขุนหาญ,Khun Han,297
3309,33,ราษีไศล,Rasi Salai,298
3310,33,อุทุมพรพิสัย,Uthumphon Phisai,299
3311,33,บึงบูรพ์,Bueng Bun,300
3312,33,ห้วยทับทัน,Huai Thap Than,301
3313,33,โนนคูณ,Non Khun,302
3314,33,ศรีรัตนะ,Si Rattana,303
3315,33,น้ำเกลี้ยง,Nam Kliang,304
3316,33,วังหิน,Wang Hin,305
3317,33,ภูสิงห์,Phu Sing,306
3318,33,เมืองจันทร์,Mueang Chan,307
3319,33,เบญจลักษ์,Benchalak,308
3320,33,พยุห์,Phayu,309
3321,33,โพธิ์ศรีสุวรรณ,Pho Si Suwan,310
3322,33,ศิลาลาด,Sila Lat,311
3401,34,เมืองอุบลราชธานี,Mueang Ubon Ratchathani,312
3402,34,ศรีเมืองใหม่,Si Mueang Mai,313
3403,34,โขงเจียม,Khong Chiam,314
3404,34,เขื่องใน,Khueang Nai,315
3405,34,เขมราฐ,Khemarat,316
3407,34,เดชอุดม,Det Udom,318
3408,34,นาจะหลวย,Na Chaluai,319
3409,34,น้ำยืน,Nam Yuen,320
3410,34,บุณฑริก,Boontharik,321
3411,34,ตระการพืชผล,Trakan Phuet Phon,322
3412,34,กุดข้าวปุ้น,Kut Khaopun,323
3414,34,ม่วงสามสิบ,Muang Sam Sip,325
3415,34,วารินชำราบ,Warin Chamrap,326
3419,34,พิบูลมังสาหาร,Phibun Mangsahan,330
3420,34,ตาลสุม,Tan Sum,331
3421,34,โพธิ์ไทร,Pho Sai,332
3422,34,สำโรง,Samrong,333
3424,34,ดอนมดแดง,Don Mot Daeng,335
3425,34,สิรินธร,Sirindhorn,336
3426,34,ทุ่งศรีอุดม,Thung Si Udom,337
3429,34,นาเยีย,Na Yia,340
3430,34,นาตาล,Na Tan,341
3431,34,เหล่าเสือโก้ก,Lao Suea Kok,342
3432,34,สว่างวีระวงศ์,Sawang Wirawong,343
3433,34,น้ำขุ่น,Nam Khun,344
3501,35,เมืองยโสธร,Mueang Yasothon,346
3502,35,ทรายมูล,Sai Mun,347
3503,35,กุดชุม,Kut Chum,348
3504,35,คำเขื่อนแก้ว,Kham Khuean Kaeo,349
3505,35,ป่าติ้ว,Pa Tio,350
3506,35,มหาชนะชัย,Maha Chana Chai,351
3507,35,ค้อวัง,Kho Wang,352
3508,35,เลิงนกทา,Loeng Nok Tha,353
3509,35,ไทยเจริญ,Thai Charoen,354
3601,36,เมืองชัยภูมิ,Mueang Chaiyaphum,355
3602,36,บ้านเขว้า,Ban Khwao,356
3603,36,คอนสวรรค์,Khon Sawan,357
3604,36,เกษตรสมบูรณ์,Kaset Sombun,358
3605,36,หนองบัวแดง,Nong Bua Daeng,359
3606,36,จัตุรัส,Chatturat,360
3607,36,บำเหน็จณรงค์,Bamnet Narong,361
3608,36,หนองบัวระเหว,Nong Bua Rawe,362
3609,36,เทพสถิต,Thep Sathit,363
3610,36,ภูเขียว,Phu Khiao,364
3611,36,บ้านแท่น,Ban Thaen,365
3612,36,แก้งคร้อ,Kaeng Khro,366
3613,36,คอนสาร,Khon San,367
3614,36,ภักดีชุมพล,Phakdi Chumphon,368
3615,36,เนินสง่า,Noen Sa-Nga,369
3616,36,ซับใหญ่,Sap Yai,370
3701,37,เมืองอำนาจเจริญ,Mueang Amnat Charoen,380
3702,37,ชานุมาน,Chanuman,381
3703,37,ปทุมราชวงศา,Pathum Ratchawongsa,382
3704,37,พนา,Phana,383
3705,37,เสนางคนิคม,Senangkhanikhom,384
3706,37,หัวตะพาน,Hua Taphan,385
3707,37,ลืออำนาจ,Lue Amnat,386
3801,38,เมืองบึงกาฬ,Bueng Kan,462
3802,38,พรเจริญ,Phon Charoen,463
3803,38,โซ่พิสัย,So Phisai,465
3804,38,เซกา,Seka,468
3805,38,ปากคาด,Pak Khat,469
3806,38,บึงโขงหลง,Bueng Khong Long,470
3807,38,ศรีวิไล,Si Wilai,471
3808,38,บุ่งคล้า,Bung Khla,472
3901,39,เมืองหนองบัวลำภู,Mueang Nong Bua Lam Phu,387
3902,39,นากลาง,Na Klang,388
3903,39,โนนสัง,Non Sang,389
3904,39,ศรีบุญเรือง,Si Bun Rueang,390
3905,39,สุวรรณคูหา,Suwannakhuha,391
3906,39,นาวัง,Na Wang,392
4001,40,เมืองขอนแก่น,Mueang Khon Kaen,393
4002,40,บ้านฝาง,Ban Fang,394
4003,40,พระยืน,Phra Yuen,395
4004,40,หนองเรือ,Nong Ruea,396
4005,40,ชุมแพ,Chum Phae,397
4006,40,สีชมพู,Si Chomphu,398
4007,40,น้ำพอง,Nam Phong,399
4008,40,อุบลรัตน์,Ubolratana,400
4009,40,กระนวน,Kranuan,401
4010,40,บ้านไผ่,Ban Phai,402
4011,40,เปือยน้อย,Pueai Noi,403
4012,40,พล,Phon,404
4013,40,แวงใหญ่,Waeng Yai,405
4014,40,แวงน้อย,Waeng Noi,406
4015,40,หนองสองห้อง,Nong Song Hong,407
4016,40,ภูเวียง,Phu Wiang,408
4017,40,มัญจาคีรี,Mancha Khiri,409
4018,40,ชนบท,Chonnabot,410
4019,40,เขาสวนกวาง,Khao Suan Kwang,411
4020,40,ภูผาม่าน,Phu Phaman,412
4021,40,ซำสูง,Sam Sung,413
4022,40,โคกโพธิ์ไชย,Khok Pho Chai,414
4023,40,หนองนาคำ,Nong Na Kham,415
4024,40,บ้านแฮด,Ban Haet,416
4025,40,โนนศิลา,Non Sila,417
4029,40,เวียงเก่า,Wiang Kao,418
4101,41,เมืองอุดรธานี,Mueang Udon Thani,421
4102,41,กุดจับ,Kut Chap,422
4103,41,หนองวัวซอ,Nong Wua So,423
4104,41,กุมภวาปี,Kumphawapi,424
4105,41,โนนสะอาด,Non Sa-At,425
4106,41,หนองหาน,Nong Saeng,426
4107,41,ทุ่งฝน,Thung Fon,427
4108,41,ไชยวาน,Chai Wan,428
4109,41,ศรีธาตุ,Si That,429
4110,41,วังสามหมอ,Wang Sam Mo,430
4111,41,บ้านดุง,Ban Dung,431
4117,41,บ้านผือ,Ban Phue,437
4118,41,น้ำโสม,Nam Som,438
4119,41,เพ็ญ,Phen,439
4120,41,สร้างคอม,Sang Khom,440
4121,41,หนองแสง,Nong Saeng,441
4122,41,นายูง,Na Yung,442
4123,41,พิบูลย์รักษ์,Phibun Rak,443
4124,41,กู่แก้ว,Ku Kaeo,444
4125,41,ประจักษ์ศิลปาคม,Prachaksinlapakhom,445
4201,42,เมืองเลย,Mueang Loei,446
4202,42,นาด้วง,Na Duang,447
4203,42,เชียงคาน,Chiang Khan,448
4204,42,ปากชม,Pak Chom,449
4205,42,ด่านซ้าย,Dan Sai,450
4206,42,นาแห้ว,Na Haeo,451
4207,42,ภูเรือ,Phu Ruea,452
4208,42,ท่าลี่,Tha Li,453
4209,42,วังสะพุง,Wang Saphung,454
4210,42,ภูกระดึง,Phu Kradueng,455
4211,42,ภูหลวง,Phu Luang,456
4212,42,ผาขาว,Pha Khao,457
4213,42,เอราวัณ,Erawan,458
4214,42,หนองหิน,Nong Hin,459
4301,43,เมืองหนองคาย,Mueang Nong Khai,460
4302,43,ท่าบ่อ,Tha Bo,461
4305,43,โพนพิสัย,Phon Phisai,464
4307,43,ศรีเชียงใหม่,Si Chiang Mai,466
4308,43,สังคม,Sangkhom,467
4314,43,สระใคร,Sakhrai,473
4315,43,เฝ้าไร่,Fao Rai,474
4316,43,รัตนวาปี,Rattanawapi,475
4317,43,โพธิ์ตาก,Pho Tak,476
4401,44,เมืองมหาสารคาม,Mueang Maha Sarakham,477
4402,44,แกดำ,Kae Dam,478
4403,44,โกสุมพิสัย,Kosum Phisai,479
4404,44,กันทรวิชัย,Kantharawichai,480
4405,44,เชียงยืน,Chiang Yuen,481
4406,44,บรบือ,Borabue,482
4407,44,นาเชือก,Na Chueak,483
4408,44,พยัคฆภูมิพิสัย,Phayakkhaphum Phisai,484
4409,44,วาปีปทุม,Wapi Pathum,485
4410,44,นาดูน,Na Dun,486
4411,44,ยางสีสุราช,Yang Sisurat,487
4412,44,กุดรัง,Kut Rang,488
4413,44,ชื่นชม,Chuen Chom,489
4501,45,เมืองร้อยเอ็ด,Mueang Roi Et,491
4502,45,เกษตรวิสัย,Kaset Wisai,492
4503,45,ปทุมรัตต์,Pathum Rat,493
4504,45,จตุรพักตรพิมาน,Chaturaphak Phiman,494
4505,45,ธวัชบุรี,Thawat Buri,495
4506,45,พนมไพร,Phanom Phrai,496
4507,45,โพนทอง,Phon Thong,497
4508,45,โพธิ์ชัย,Pho Chai,498
4509,45,หนองพอก,Nong Phok,499
4510,45,เสลภูมิ,Selaphum,500
4511,45,สุวรรณภูมิ,Suwannaphum,501
4512,45,เมืองสรวง,Mueang Suang,502
4513,45,โพนทราย,Phon Sai,503
4514,45,อาจสามารถ,At Samat,504
4515,45,เมยวดี,Moei Wadi,505
4516,45,ศรีสมเด็จ,Si Somdet,506
4517,45,จังหาร,Changhan,507
4518,45,เชียงขวัญ,Chiang Khwan,508
4519,45,หนองฮี,Nong Hi,509
4520,45,ทุ่งเขาหลวง,Thung Khao Luang,510
4601,46,เมืองกาฬสินธุ์,Mueang Kalasin,511
4602,46,นามน,Na Mon,512
4603,46,กมลาไสย,Kamalasai,513
4604,46,ร่องคำ,Rong Kham,514
4605,46,กุฉินารายณ์,Kuchinarai,515
4606,46,เขาวง,Khao Wong,516
4607,46,ยางตลาด,Yang Talat,517
4608,46,ห้วยเม็ก,Huai Mek,518
4609,46,สหัสขันธ์,Sahatsakhan,519
4610,46,คำม่วง,Kham Muang,520
4611,46,ท่าคันโท,Tha Khantho,521
4612,46,หนองกุงศรี,Nong Kung Si,522
4613,46,สมเด็จ,Somdet,523
4614,46,ห้วยผึ้ง,Huai Phueng,524
4615,46,สามชัย,Sam Chai,525
4616,46,นาคู,Na Khu,526
4617,46,ดอนจาน,Don Chan,527
4618,46,ฆ้องชัย,Khong Chai,528
4701,47,เมืองสกลนคร,Mueang Sakon Nakhon,529
4702,47,กุสุมาลย์,Kusuman,530
4703,47,กุดบาก,Kut Bak,531
4704,47,พรรณานิคม,Phanna Nikhom,532
4705,47,พังโคน,Phanh Khon,533
4706,47,วาริชภูมิ,Waritchaphum,534
4707,47,นิคมน้ำอูน,Nikhom Nam Un,535
4708,47,วานรนิวาส,Wanon Niwat,536
4709,47,คำตากล้า,Kham Ta Kla,537
4710,47,บ้านม่วง,Ban Muang,538
4711,47,อากาศอำนวย,Akat Amnuai,539
4712,47,สว่างแดนดิน,Sawang Daen Din,540
4713,47,ส่องดาว,Song Dao,541
4714,47,เต่างอย,Tao Ngoi,542
4715,47,โคกศรีสุพรรณ,Khok Si Suphan,543
4716,47,เจริญศิลป์,Charoen Sin,544
4717,47,โพนนาแก้ว,Phon Na Kaeo,545
4718,47,ภูพาน,Phu Phan,546
4801,48,เมืองนครพนม,Mueang Nakhon Phanom,549
4802,48,ปลาปาก,Pla Pak,550
4803,48,ท่าอุเทน,Tha Uthen,551
4804,48,บ้านแพง,Ban Phaeng,552
4805,48,ธาตุพนม,That Phanom,553
4806,48,เรณูนคร,Renu Nakhon,554
4807,48,นาแก,Na Kae,555
4808,48,ศรีสงคราม,Si Songkhram,556
4809,48,นาหว้า,Na Wa,557
4810,48,โพนสวรรค์,Phon Sawan,558
4811,48,นาทม,Na Thom,559
4812,48,วังยาง,Wang Yang,560
4901,49,เมืองมุกดาหาร,Mueang Mukdahan,561
4902,49,นิคมคำสร้อย,Nikhom Kham Soi,562
4903,49,ดอนตาล,Don Tan,563
4904,49,ดงหลวง,Don Tan,564
4905,49,คำชะอี,Khamcha-I,565
4906,49,หว้านใหญ่,Wan Yai,566
4907,49,หนองสูง,Nong Sung,567
5001,50,เมืองเชียงใหม่,Mueang Chiang Mai,568
5002,50,จอมทอง,Chom Thong,569
5003,50,แม่แจ่ม,Mae Chaem,570
5004,50,เชียงดาว,Chiang Dao,571
5005,50,ดอยสะเก็ด,Doi Saket,572
5006,50,แม่แตง,Mae Taeng,573
5007,50,แม่ริม,Mae Rim,574
5008,50,สะเมิง,Samoeng,575
5009,50,ฝาง,Fang,576
5010,50,แม่อาย,Mae Ai,577
5011,50,พร้าว,Phrao,578
5012,50,สันป่าตอง,San Pa Tong,579
5013,50,สันกำแพง,San Kamphaeng,580
5014,50,สันทราย,San Sai,581
5015,50,หางดง,Hang Dong,582
5016,50,ฮอด,Hot,583
5017,50,ดอยเต่า,Doi Tao,584
5018,50,อมก๋อย,Omkoi,585
5019,50,สารภี,Saraphi,586
5020,50,เวียงแหง,Wiang Haeng,587
5021,50,ไชยปราการ,Chai Prakan,588
5022,50,แม่วาง,Mae Wang,589
5023,50,แม่ออน,Mae On,590
5024,50,ดอยหล่อ,Doi Lo,591
5025,50,กัลยาณิวัฒนา,Kanlayaniwatthana,999
5101,51,เมืองลำพูน,Mueang Lamphun,595
5102,51,แม่ทา,Mae Tha,596
5103,51,บ้านโฮ่ง,Ban Hong,597
5104,51,ลี้,Li,598
5105,51,ทุ่งหัวช้าง,Thung Hua Chang,599
5106,51,ป่าซาง,Pa Sang,600
5107,51,บ้านธิ,Ban Thi,601
5108,51,เวียงหนองล่อง,Wiang Nong Long,602
5201,52,เมืองลำปาง,Mueang Lampang,603
5202,52,แม่เมาะ,Mae Mo,604
5203,52,เกาะคา,Ko Kha,605
5204,52,เสริมงาม,Soem Ngam,606
5205,52,งาว,Ngao,607
5206,52,แจ้ห่ม,Chae Hom,608
5207,52,วังเหนือ,Wang Nuea,609
5208,52,เถิน,Thoen,610
5209,52,แม่พริก,Mae Phrik,611
5210,52,แม่ทะ,Mae Tha,612
5211,52,สบปราบ,Sop Prap,613
5212,52,ห้างฉัตร,Hang Chat,614
5213,52,เมืองปาน,Mueang Pan,615
5301,53,เมืองอุตรดิตถ์,Mueang Uttaradit,616
5302,53,ตรอน,Tron,617
5303,53,ท่าปลา,Tha Pla,618
5304,53,น้ำปาด,Nam Pat,619
5305,53,ฟากท่า,Fak Tha,620
5306,53,บ้านโคก,Ban Khok,621
5307,53,พิชัย,Phichai,622
5308,53,ลับแล,Laplae,623
5309,53,ทองแสนขัน,Thong Saen Khan,624
5401,54,เมืองแพร่,Mueang Phrae,625
5402,54,ร้องกวาง,Mueang Phrae,626
5403,54,ลอง,Long,627
5404,54,สูงเม่น,Sung Men,628
5405,54,เด่นชัย,Den Chai,629
5406,54,สอง,Song,630
5407,54,วังชิ้น,Wang Chin,631
5408,54,หนองม่วงไข่,Nong Muang Khai,632
5501,55,เมืองน่าน,Mueang Nan,633
5502,55,แม่จริม,Mae Charim,634
5503,55,บ้านหลวง,Ban Luang,635
5504,55,นาน้อย,Na Noi,636
5505,55,ปัว,Pua,637
5506,55,ท่าวังผา,Tha Wang Pha,638
5507,55,เวียงสา,Wiang Sa,639
5508,55,ทุ่งช้าง,Thung Chang,640
5509,55,เชียงกลาง,Chiang Klang,641
5510,55,นาหมื่น,Na Muen,642
5511,55,สันติสุข,Santi Suk,643
5512,55,บ่อเกลือ,Bo Kluea,644
5513,55,สองแคว,Song Khwae,645
5514,55,ภูเพียง,Phu Phiang,646
5515,55,เฉลิมพระเกียรติ,Chaloem Phra Kiet,647
5601,56,เมืองพะเยา,Mueang Phayao,648
5602,56,จุน,Chun,649
5603,56,เชียงคำ,Chiang Kham,650
5604,56,เชียงม่วน,Chiang Muan,651
5605,56,ดอกคำใต้,Dok Khamtai,652
5606,56,ปง,Pong,653
5607,56,แม่ใจ,Mae Chai,654
5608,56,ภูซาง,Phu Sang,655
5609,56,ภูกามยาว,Phu Kamyao,656
5701,57,เมืองเชียงราย,Mueang Chiang Rai,657
5702,57,เวียงชัย,Wiang Chai,658
5703,57,เชียงของ,Chiang Khong,659
5704,57,เทิง,Thoeng,660
5705,57,พาน,Phan,661
5706,57,ป่าแดด,Pa Daet,662
5707,57,แม่จัน,Mae Chan,663
5708,57,เชียงแสน,Chiang Saen,664
5709,57,แม่สาย,Mae Sai,665
5710,57,แม่สรวย,Mae Suai,666
5711,57,เวียงป่าเป้า,Wiang Pa Pao,667
5712,57,พญาเม็งราย,Phaya Mengrai,668
5713,57,เวียงแก่น,Wiang Kaen,669
5714,57,ขุนตาล,Khun Tan,670
5715,57,แม่ฟ้าหลวง,Mae Fa Luang,671
5716,57,แม่ลาว,Mae Lao,672
5717,57,เวียงเชียงรุ้ง,Wiang Chiang Rung,673
5718,57,ดอยหลวง,Doi Luang,674
5801,58,เมืองแม่ฮ่องสอน,Mueang Mae Hong Son,675
5802,58,ขุนยวม,Khun Yuam,676
5803,58,ปาย,Pai,677
5804,58,แม่สะเรียง,Mae Sariang,678
5805,58,แม่ลาน้อย,Mae La Noi,679
5806,58,สบเมย,Sop Moei,680
5807,58,ปางมะผ้า,Pang Mapha,681
6001,60,เมืองนครสวรรค์,Mueang Nakhon Sawan,683
6002,60,โกรกพระ,Krok Phra,684
6003,60,ชุมแสง,Chum Saeng,685
6004,60,หนองบัว,Nong Bua,686
6005,60,บรรพตพิสัย,Banphot Phisai,687
6006,60,เก้าเลี้ยว,Kao Liao,688
6007,60,ตาคลี,Takhli,689
6008,60,ท่าตะโก,Tha Tako,690
6009,60,ไพศาลี,Phaisali,691
6010,60,พยุหะคีรี,Phayuha Hkiri,692
6011,60,ลาดยาว,Lat Yao,693
6012,60,ตากฟ้า,Tak Fa,694
6013,60,แม่วงก์,Mae Wong,695
6014,60,แม่เปิน,Mae Pern,696
6015,60,ชุมตาบง,Chum Ta Bong,697
6101,61,เมืองอุทัยธานี,Mueang Uthai Thani,701
6102,61,ทัพทัน,Thap Than,702
6103,61,สว่างอารมณ์,Sawang Arom,703
6104,61,หนองฉาง,Nong Chang,704
6105,61,หนองขาหย่าง,Nong Khayang,705
6106,61,บ้านไร่,Ban Rai,706
6107,61,ลานสัก,Lan Sak,707
6108,61,ห้วยคต,Huai Khot,708
6201,62,เมืองกำแพงเพชร,Mueang Kamphaeng Phet,709
6202,62,ไทรงาม,Sai Ngam,710
6203,62,คลองลาน,Khlong Lan,711
6204,62,ขาณุวรลักษบุรี,Khanu Woralaksaburi,712
6205,62,คลองขลุง,Khlong Khlung,713
6206,62,พรานกระต่าย,Phran Kratai,714
6207,62,ลานกระบือ,Lan Krabue,715
6208,62,ทรายทองวัฒนา,Sai Thong Watthana,716
6209,62,ปางศิลาทอง,Pang Sila Thong,717
6210,62,บึงสามัคคี,Bueng Samakkhi,718
6211,62,โกสัมพีนคร,Kosamphi Nakhon,719
6301,63,เมืองตาก,Mueang Tak,720
6302,63,บ้านตาก,Ban Tak,721
6303,63,สามเงา,Sam Ngao,722
6304,63,แม่ระมาด,Mae Ramat,723
6305,63,ท่าสองยาง,Tha Song Yang,724
6306,63,แม่สอด,Mae Sot,725
6307,63,พบพระ,Phop Phra,726
6308,63,อุ้มผาง,Um Phang,727
6309,63,วังเจ้า,Wang Chao,728
6401,64,เมืองสุโขทัย,Mueang Sukhothai,730
6402,64,บ้านด่านลานหอย,Ban Dan Lan Hoi,731
6403,64,คีรีมาศ,Khiri Mat,732
6404,64,กงไกรลาศ,Kong Krailat,733
6405,64,ศรีสัชนาลัย,Si Satchanalai,734
6406,64,ศรีสำโรง,Si Samrong,735
6407,64,สวรรคโลก,Sawankhalok,736
6408,64,ศรีนคร,Si Nakhon,737
6409,64,ทุ่งเสลี่ยม,Thung Saliam,738
6501,65,เมืองพิษณุโลก,Mueang Phitsanulok,739
6502,65,นครไทย,Nakhon Thai,740
6503,65,ชาติตระการ,Chat Trakan,741
6504,65,บางระกำ,Bang Rakam,742
6505,65,บางกระทุ่ม,Bang Krathum,743
6506,65,พรหมพิราม,Phrom Phiram,744
6507,65,วัดโบสถ์,Wat Bot,745
6508,65,วังทอง,Wang Thong,746
6509,65,เนินมะปราง,Noen Maprang,747
6601,66,เมืองพิจิตร,Mueang Phichit,748
6602,66,วังทรายพูน,Wang Sai Phun,749
6603,66,โพธิ์ประทับช้าง,Pho Prathap Chang,750
6604,66,ตะพานหิน,Taphan Hin,751
6605,66,บางมูลนาก,Bang Mun Nak,752
6606,66,โพทะเล,Pho Thale,753
6607,66,สามง่าม,Sam Ngam,754
6608,66,ทับคล้อ,Tap Khlo,755
6609,66,สากเหล็ก,Sak Lek,756
6610,66,บึงนาราง,Bueng Na Rang,757
6611,66,ดงเจริญ,Dong Charoen,758
6612,66,วชิรบารมี,Wachirabarami,759
6701,67,เมืองเพชรบูรณ์,Mueang Phetchabun,760
6702,67,ชนแดน,Chon Daen,761
6703,67,หล่มสัก,Lom Sak,762
6704,67,หล่มเก่า,Lom Kao,763
6705,67,วิเชียรบุรี,Wichian Buri,764
6706,67,ศรีเทพ,Si Thep,765
6707,67,หนองไผ่,Nong Phai,766
6708,67,บึงสามพัน,Bueng Sam Phan,767
6709,67,น้ำหนาว,Nam Nao,768
6710,67,วังโป่ง,Wang Pong,769
6711,67,เขาค้อ,Khao Kho,770
7001,70,เมืองราชบุรี,Mueang Ratchaburi,771
7002,70,จอมบึง,Chom Bueng,772
7003,70,สวนผึ้ง,Suan Phueng,773
7004,70,ดำเนินสะดวก,Damnoen Saduak,774
7005,70,บ้านโป่ง,Ban Pong,775
7006,70,บางแพ,Bang Phae,776
7007,70,โพธาราม,Photharam,777
7008,70,ปากท่อ,Pak Tho,778
7009,70,วัดเพลง,Wat Phleng,779
7010,70,บ้านคา,Ban Kha,780
7101,71,เมืองกาญจนบุรี,Mueang Kanchanaburi,782
7102,71,ไทรโยค,Sai Yok,783
7103,71,บ่อพลอย,Bo Phloi,784
7104,71,ศรีสวัสดิ์,Si Sawat,785
7105,71,ท่ามะกา,Tha Maka,786
7106,71,ท่าม่วง,Tha Muang,787
7107,71,ทองผาภูมิ,Thong Pha Phum,788
7108,71,สังขละบุรี,Sangkhla Buri,789
7109,71,พนมทวน,Phanom Thuan,790
7110,71,เลาขวัญ,Lao Khwan,791
7111,71,ด่านมะขามเตี้ย,Dan Makham Tia,792
7112,71,หนองปรือ,Nong Prue,793
7113,71,ห้วยกระเจา,Huai Krachao,794
7201,72,เมืองสุพรรณบุรี,Mueang Saphan Buri,797
7202,72,เดิมบางนางบวช,Doem Bang Nang Buat,798
7203,72,ด่านช้าง,Dan Chang,799
7204,72,บางปลาม้า,Bang Pla Ma,800
7205,72,ศรีประจันต์,Si Prachan,801
7206,72,ดอนเจดีย์,Don Chedi,802
7207,72,สองพี่น้อง,Song Phi Nong,803
7208,72,สามชุก,Sam Chuk,804
7209,72,อู่ทอง,U Thong,805
7210,72,หนองหญ้าไซ,Nong Ya Sai,806
7301,73,เมืองนครปฐม,Mueang Nakhon Pathom,807
7302,73,กำแพงแสน,Kamphaeng Saen,808
7303,73,นครชัยศรี,Nakhon Chai Si,809
7304,73,ดอนตูม,Don Tum,810
7305,73,บางเลน,Bang Len,811
7306,73,สามพราน,Sam Phran,812
7307,73,พุทธมณฑล,Phutthamonthon,813
7401,74,เมืองสมุทรสาคร,Mueang Samut Sakhon,814
7402,74,กระทุ่มแบน,Krathum Baen,815
7403,74,บ้านแพ้ว,Ban Phaeo,816
7501,75,เมืองสมุทรสงคราม,Mueang Samut Songkhram,817
7502,75,บางคนที,Bang Khonthi,818
7503,75,อัมพวา,Amphawa,819
7601,76,เมืองเพชรบุรี,Mueang Phetchaburi,820
7602,76,เขาย้อย,Khao Yoi,821
7603,76,หนองหญ้าปล้อง,Nong Ya Plong,822
7604,76,ชะอำ,Cha-Am,823
7605,76,ท่ายาง,Tha Yang,824
7606,76,บ้านลาด,Ban Lat,825
7607,76,บ้านแหลม,Ban Laem,826
7608,76,แก่งกระจาน,Kaeng Krachan,827
7701,77,เมืองประจวบคีรีขันธ์,Mueang Prachuap Khiri Khan,828
7702,77,กุยบุรี,Kui Buri,829
7703,77,ทับสะแก,Thap Sakae,830
7704,77,บางสะพาน,Bang Saphan,831
7705,77,บางสะพานน้อย,Bang Saphan Noi,832
7706,77,ปราณบุรี,Pran Buri,833
7707,77,หัวหิน,Hua Hin,834
7708,77,สามร้อยยอด,Sam Roi Yot,835
8001,80,เมืองนครศรีธรรมราช,Mueang Nakhon Si Thammarat,836
8002,80,พรหมคีรี,Phrom Khiri,837
8003,80,ลานสกา,Lan Saka,838
8004,80,ฉวาง,Chawang,839
8005,80,พิปูน,Phipun,840
8006,80,เชียรใหญ่,Chian Yai,841
8007,80,ชะอวด,Cha-Uat,842
8008,80,ท่าศาลา,Tha Sala,843
8009,80,ทุ่งสง,Thung Song,844
8010,80,นาบอน,Na Bon,845
8011,80,ทุ่งใหญ่,Thung Yai,846
8012,80,ปากพนัง,Pak Phanang,847
8013,80,ร่อนพิบูลย์,Ron Phibun,848
8014,80,สิชล,Sichon,849
8015,80,ขนอม,Khanom,850
8016,80,หัวไทร,Hua Sai,851
8017,80,บางขัน,Bang Khan,852
8018,80,ถ้ำพรรณรา,Tham Phannara,853
8019,80,จุฬาภรณ์,Chulabhorn,854
8020,80,พระพรหม,Phra Phrom,855
8021,80,นบพิตำ,Nopphitam,856
8022,80,ช้างกลาง,Chang Klang,857
8023,80,เฉลิมพระเกียรติ,Chaloem Phra Kiet,858
8101,81,เมืองกระบี่,Mueang Krabi,864
8102,81,เขาพนม,Khao Phanom,865
8103,81,เกาะลันตา,Ko Lanta,866
8104,81,คลองท่อม,Khlong Thom,867
8105,81,อ่าวลึก,Ao Luek,868
8106,81,ปลายพระยา,Plai Phraya,869
8107,81,ลำทับ,Lam Thap,870
8108,81,เหนือคลอง,Nuea Khlong,871
8201,82,เมืองพังงา,Mueang Phang-Nga,872
8202,82,เกาะยาว,Ko Yao,873
8203,82,กะปง,Kapong,874
8204,82,ตะกั่วทุ่ง,Takua Thung,875
8205,82,ตะกั่วป่า,Takua Pa,876
8206,82,คุระบุรี,Khura Buri,877
8207,82,ทับปุด,Thap Put,878
8208,82,ท้ายเหมือง,Thai Mueang,879
8301,83,เมืองภูเก็ต,Mueang Phuket,880
8302,83,กะทู้,Kathu,881
8303,83,ถลาง,Thalang,882
8401,84,เมืองสุราษฎร์ธานี,Mueang Surat Thani,884
8402,84,กาญจนดิษฐ์,Kanchanadit,885
8403,84,ดอนสัก,Don Sak,886
8404,84,เกาะสมุย,Ko Samui,887
8405,84,เกาะพะงัน,Ko Pha-Ngan,888
8406,84,ไชยา,Chaiya,889
8407,84,ท่าชนะ,Tha Chana,890
8408,84,คีรีรัฐนิคม,Khiri Rat Nikhom,891
8409,84,บ้านตาขุน,Ban Ta Khun,892
8410,84,พนม,Phanom,893
8411,84,ท่าฉาง,Tha Chang,894
8412,84,บ้านนาสาร,Ban Na San,895
8413,84,บ้านนาเดิม,Ban Na Doem,896
8414,84,เคียนซา,Khian Sa,897
8415,84,เวียงสระ,Wiang Sa,898
8416,84,พระแสง,Phrasaeng,899
8417,84,พุนพิน,Phunphin,900
8418,84,ชัยบุรี,Chai Buri,901
8419,84,วิภาวดี,Chai Buri,902
8501,85,เมืองระนอง,Mueang Ranong,905
8502,85,ละอุ่น,La-Un,906
8503,85,กะเปอร์,Papoe,907
8504,85,กระบุรี,Kra Buri,908
8505,85,สุขสำราญ,Suk Samran,909
8601,86,เมืองชุมพร,Mueang Chumphon,910
8602,86,ท่าแซะ,Tha Sae,911
8603,86,ปะทิว,Pathio,912
8604,86,หลังสวน,Lang Suan,913
8605,86,ละแม,Lamae,914
8606,86,พะโต๊ะ,Phato,915
8607,86,สวี,Sawi,916
8608,86,ทุ่งตะโก,Thung Tako,917
9001,90,เมืองสงขลา,Muaeng Songkhla,918
9002,90,สทิงพระ,Sathing Phra,919
9003,90,จะนะ,Chana,920
9004,90,นาทวี,Na Thawi,921
9005,90,เทพา,Thepha,922
9006,90,สะบ้าย้อย,Saba Yoi,923
9007,90,ระโนด,Ranot,924
9008,90,กระแสสินธุ์,Krasae Sin,925
9009,90,รัตภูมิ,Rattaphum,926
9010,90,สะเดา,Sadao,927
9011,90,หาดใหญ่,Hat Yai,928
9012,90,นาหม่อม,Na Mom,929
9013,90,ควนเนียง,Khuan Niang,930
9014,90,บางกล่ำ,Bang Klam,931
9015,90,สิงหนคร,Singhanakhon,932
9016,90,คลองหอยโข่ง,Khlong Hoi Khong,933
9101,91,เมืองสตูล,Mueang Satun,936
9102,91,ควนโดน,Khuan Don,937
9103,91,ควนกาหลง,Khuan Kalong,938
9104,91,ท่าแพ,Tha Phae,939
9105,91,ละงู,La-Ngu,940
9106,91,ทุ่งหว้า,Thung Wa,941
9107,91,มะนัง,Manang,942
9201,92,เมืองตรัง,Mueang Trang,943
9202,92,กันตัง,Kantang,944
9203,92,ย่านตาขาว,Yan Ta Khao,945
9204,92,ปะเหลียน,Palian,946
9205,92,สิเกา,Sikao,947
9206,92,ห้วยยอด,Huai Yot,948
9207,92,วังวิเศษ,Wang Wiset,949
9208,92,นาโยง,Na Yong,950
9209,92,รัษฎา,Ratsada,951
9210,92,หาดสำราญ,Hat Samran,952
9301,93,เมืองพัทลุง,Mueang Phatthalung,954
9302,93,กงหรา,Kong Ra,955
9303,93,เขาชัยสน,Khao Chaison,956
9304,93,ตะโหมด,Tamot,957
9305,93,ควนขนุน,Khuan Khanun,958
9306,93,ปากพะยูน,Pak Phayun,959
9307,93,ศรีบรรพต,Si Banphot,960
9308,93,ป่าบอน,Pa Bon,961
9309,93,บางแก้ว,Bang Kaeo,962
9310,93,ป่าพะยอม,Pa Phayom,963
9311,93,ศรีนครินทร์,Srinagarindra,964
9401,94,เมืองปัตตานี,Mueang Pattani,965
9402,94,โคกโพธิ์,Khok Pho,966
9403,94,หนองจิก,Nong Chik,967
9404,94,ปะนาเระ,Panare,968
9405,94,มายอ,Mayo,969
9406,94,ทุ่งยางแดง,Thung Yang Daeng,970
9407,94,สายบุรี,Sai Buri,971
9408,94,ไม้แก่น,Mai Kaen,972
9409,94,ยะหริ่ง,Yaring,973
9410,94,ยะรัง,Yarang,974
9411,94,กะพ้อ,Kapho,975
9412,94,แม่ลาน,Mae Lan,976
9501,95,เมืองยะลา,Mueang Yala,977
9502,95,เบตง,Betong,978
9503,95,บันนังสตา,Bannang Sata,979
9504,95,ธารโต,Than To,980
9505,95,ยะหา,Yaha,981
9506,95,รามัน,Raman,982
9507,95,กาบัง,Kabang,983
9508,95,กรงปินัง,Krong Pinang,984
9601,96,เมืองนราธิวาส,Mueang Narathiwat,985
9602,96,ตากใบ,Tak Bai,986
9603,96,บาเจาะ,Tak Bai,987
9604,96,ยี่งอ,Yi-Ngo,988
9605,96,ระแงะ,Ra-Ngae,989
9606,96,รือเสาะ,Rueso,990
9607,96,ศรีสาคร,Si Sakhon,991
9608,96,แว้ง,Waeng,992
9609,96,สุคิริน,Sukhirin,993
9610,96,สุไหงโก-ลก,Su-Ngai Kolok,994
9611,96,สุไหงปาดี,Su-Ngai Padi,995
9612,96,จะแนะ,Chanae,996
9613,96,เจาะไอร้อง,Cho-Airong,997
